<keymap version="1" name="GNOME copy" parent="Default for GNOME">
  <action id="ChangesView.ToggleCommitUi" />
  <action id="CheckinProject" />
  <action id="EditorDown">
    <keyboard-shortcut first-keystroke="down" />
    <keyboard-shortcut first-keystroke="ctrl j" />
  </action>
  <action id="EditorUp">
    <keyboard-shortcut first-keystroke="up" />
    <keyboard-shortcut first-keystroke="ctrl k" />
  </action>
  <action id="FileChooser.TogglePathBar" />
  <action id="Git.Commit.Stage" />
  <action id="GotoFile">
    <keyboard-shortcut first-keystroke="shift ctrl n" />
    <keyboard-shortcut first-keystroke="ctrl p" />
  </action>
  <action id="InsertLiveTemplate" />
  <action id="JupyterExpandSelectionToCellAboveCommandModeAction">
    <keyboard-shortcut first-keystroke="shift up" />
    <keyboard-shortcut first-keystroke="shift left" />
  </action>
  <action id="ParameterInfo" />
  <action id="QuickJavaDoc">
    <mouse-shortcut keystroke="alt button2" />
    <keyboard-shortcut first-keystroke="shift k" />
  </action>
  <action id="RecentFiles">
    <keyboard-shortcut first-keystroke="ctrl q" />
  </action>
  <action id="SwitcherIterateItems">
    <keyboard-shortcut first-keystroke="ctrl q" />
  </action>
  <action id="SwitcherRecentEditedChangedToggleCheckBox">
    <keyboard-shortcut first-keystroke="ctrl q" />
  </action>
  <action id="Vcs.Log.ShowTooltip">
    <mouse-shortcut keystroke="alt button2" />
  </action>
</keymap>